Match,Score,Position,Win,Actor_Loss,Critic_Loss
0,0.1477,4,0,0.5425,0.8839
1,0.9826,1,1,0.5385,0.8066
2,0.0528,4,0,0.5436,0.8211
3,0.1096,4,0,0.5783,0.8925
4,0.5985,2,0,0.5404,0.9031
5,0.5325,2,0,0.5422,0.8427
6,0.0,4,0,0.5314,0.8608
7,0.5712,2,0,0.5616,0.8749
8,0.2577,3,0,0.5773,0.8849
9,0.1478,3,0,0.5457,0.8014
10,0.6248,2,0,0.5369,0.8336
11,0.8191,1,1,0.5345,0.8483
12,0.5086,2,0,0.4846,0.8774
13,0.0164,4,0,0.5458,0.9293
14,0.089,4,0,0.5321,0.8456
15,0.1887,3,0,0.5365,0.8083
16,0.5243,2,0,0.5123,0.8607
17,0.6507,2,0,0.5174,0.8863
18,0.3516,3,0,0.5155,0.848
19,0.0,4,0,0.5427,0.8157
20,0.2738,3,0,0.5133,0.8697
21,0.0164,4,0,0.5611,0.8589
22,0.4801,2,0,0.5267,0.8064
23,0.0849,4,0,0.4911,0.8467
24,0.0796,3,0,0.5127,0.8633
25,0.5751,2,0,0.5008,0.8669
26,0.2396,3,0,0.4686,0.8276
27,0.1977,3,0,0.543,0.817
28,0.0,4,0,0.5237,0.8627
29,0.1027,3,0,0.519,0.7877
30,0.0,4,0,0.5102,0.8353
31,0.5764,2,0,0.4779,0.7792
32,0.0398,4,0,0.4945,0.8504
33,0.7595,1,1,0.5197,0.8088
34,1.0,1,1,0.4804,0.8528
35,0.1929,3,0,0.4495,0.8277
36,0.0579,4,0,0.4942,0.7744
37,0.0039,4,0,0.4946,0.852
38,0.3783,2,0,0.4988,0.854
39,0.4073,3,0,0.5093,0.8321
40,0.0121,4,0,0.5062,0.7809
41,0.3187,3,0,0.4973,0.7928
42,0.0696,4,0,0.5147,0.8045
43,0.7192,1,1,0.4591,0.7773
44,0.1636,3,0,0.4982,0.8474
45,0.0821,4,0,0.4993,0.7991
46,0.1205,3,0,0.4607,0.7119
47,0.0009,4,0,0.4541,0.8014
48,0.48,2,0,0.468,0.779
49,0.3405,3,0,0.4684,0.7854
50,0.7423,1,1,0.4954,0.7749
51,0.1358,4,0,0.4667,0.8084
52,0.7763,1,1,0.4606,0.816
53,0.1809,3,0,0.4642,0.7891
54,0.0,4,0,0.4975,0.7687
55,0.8099,1,1,0.4741,0.7759
56,0.0318,4,0,0.469,0.776
57,0.3228,3,0,0.4691,0.7496
58,0.0288,4,0,0.4959,0.7893
59,0.0891,4,0,0.4538,0.784
60,0.047,4,0,0.4939,0.8147
61,0.0,4,0,0.4705,0.8044
62,0.4568,2,0,0.4619,0.7445
63,0.4366,2,0,0.5138,0.7879
64,0.1597,3,0,0.4415,0.7331
65,0.5301,2,0,0.4543,0.7808
66,0.6133,2,0,0.4355,0.7427
67,0.4287,3,0,0.4779,0.7258
68,0.3653,2,0,0.4914,0.7632
69,0.9251,1,1,0.4898,0.6729
70,0.0829,3,0,0.4797,0.6989
71,0.2114,3,0,0.45,0.7444
72,0.3171,3,0,0.4455,0.7506
73,0.0641,4,0,0.4181,0.7353
74,0.0325,4,0,0.4911,0.6974
75,0.2705,3,0,0.4585,0.7186
76,0.3918,3,0,0.4381,0.7532
77,0.3337,3,0,0.4733,0.7572
78,0.0732,4,0,0.4261,0.7377
79,0.1414,4,0,0.4525,0.7712
80,0.6304,2,0,0.4398,0.7468
81,0.5861,2,0,0.4548,0.7108
82,0.2951,3,0,0.4396,0.7232
83,0.0,4,0,0.4107,0.6879
84,0.0,4,0,0.44,0.7251
85,0.0982,4,0,0.4583,0.7601
86,0.3418,3,0,0.4356,0.7457
87,0.635,2,0,0.4505,0.7655
88,0.1407,3,0,0.413,0.7128
89,0.5895,2,0,0.4322,0.7607
90,0.6304,2,0,0.4191,0.7129
91,0.1681,3,0,0.4454,0.7612
92,0.5806,2,0,0.4299,0.7148
93,0.6385,2,0,0.442,0.7351
94,0.0887,4,0,0.4488,0.7566
95,0.3572,2,0,0.4397,0.7049
96,0.2086,3,0,0.4302,0.7157
97,0.3212,3,0,0.4037,0.7462
98,0.5595,2,0,0.4225,0.702
99,0.0099,4,0,0.4107,0.6648
100,0.0943,4,0,0.4134,0.7672
101,0.6582,2,0,0.4117,0.6872
102,0.5214,2,0,0.3985,0.7045
103,0.2191,3,0,0.3778,0.7329
104,0.7539,1,1,0.4025,0.6784
105,0.1256,4,0,0.4186,0.6649
106,0.3946,2,0,0.3867,0.7012
107,0.4123,3,0,0.4129,0.6383
108,0.2137,3,0,0.4495,0.6819
109,0.2707,3,0,0.4309,0.6964
110,0.2973,3,0,0.4422,0.6794
111,0.4187,3,0,0.4161,0.6397
112,0.897,1,1,0.4305,0.7323
113,0.5094,2,0,0.3916,0.6861
114,0.5847,2,0,0.3922,0.7244
115,0.5087,2,0,0.3492,0.6721
116,0.1969,3,0,0.4266,0.652
117,0.0,4,0,0.4327,0.685
118,0.6637,2,0,0.3897,0.669
119,0.0389,4,0,0.3947,0.6386
120,0.6834,2,0,0.3836,0.7166
121,0.86,1,1,0.4053,0.6523
122,0.0872,4,0,0.4191,0.6143
123,0.2471,3,0,0.3607,0.7079
124,0.6716,2,0,0.4027,0.6514
125,0.763,2,0,0.388,0.6469
126,0.6346,2,0,0.3948,0.6107
127,0.1608,4,0,0.4006,0.7144
128,0.2677,3,0,0.3867,0.622
129,0.0766,4,0,0.3873,0.661
130,0.1116,4,0,0.3841,0.6852
131,0.3632,3,0,0.4068,0.669
132,0.0,4,0,0.3947,0.6532
133,0.1183,3,0,0.3898,0.6025
134,0.7041,1,1,0.3589,0.6278
135,0.2949,3,0,0.3758,0.6563
136,0.6721,2,0,0.4003,0.6256
137,0.0,4,0,0.3821,0.6539
138,0.0943,4,0,0.3936,0.6668
139,0.688,1,1,0.4147,0.6738
140,0.877,1,1,0.3992,0.6068
141,0.3653,3,0,0.3793,0.708
142,0.63,2,0,0.3662,0.6638
143,0.0801,4,0,0.3244,0.6393
144,0.6004,2,0,0.3711,0.6706
145,0.0,3,0,0.367,0.7075
146,0.3068,3,0,0.3803,0.592
147,0.0801,4,0,0.3685,0.627
148,0.1453,3,0,0.3642,0.561
149,0.5351,2,0,0.334,0.6368
150,0.6803,1,1,0.3499,0.6406
151,0.6701,2,0,0.3772,0.6271
152,0.5675,2,0,0.4011,0.6072
153,0.4101,3,0,0.3639,0.564
154,0.854,1,1,0.3714,0.6354
155,0.2066,3,0,0.383,0.6665
156,0.7327,2,0,0.3468,0.6037
157,0.4899,2,0,0.3694,0.6333
158,0.2645,3,0,0.3463,0.5717
159,0.0124,4,0,0.3775,0.6311
160,0.0738,4,0,0.3623,0.6042
161,0.6963,2,0,0.3643,0.5918
162,0.5847,2,0,0.3417,0.5906
163,0.0,4,0,0.3706,0.6002
164,0.3784,3,0,0.3972,0.6222
165,0.3477,2,0,0.3345,0.57
166,0.4434,2,0,0.3469,0.5961
167,0.0,4,0,0.3574,0.6055
168,0.3878,3,0,0.3676,0.5724
169,0.022,4,0,0.3398,0.658
170,0.2265,3,0,0.2934,0.5772
171,0.2604,3,0,0.3764,0.5814
172,0.4116,3,0,0.3635,0.5708
173,0.4943,2,0,0.3125,0.6528
174,0.0,4,0,0.3344,0.6142
175,0.0257,4,0,0.377,0.5682
176,0.1786,3,0,0.3737,0.6282
177,0.6148,2,0,0.3626,0.5997
178,0.8194,1,1,0.3394,0.6001
179,0.0356,4,0,0.3438,0.5808
180,0.5754,2,0,0.3386,0.5674
181,0.5383,2,0,0.3629,0.5987
182,0.7716,1,1,0.322,0.571
183,0.583,2,0,0.3225,0.6406
184,0.2987,3,0,0.3579,0.5467
185,0.0,4,0,0.336,0.6296
186,0.6093,2,0,0.3636,0.5789
187,0.0,4,0,0.3217,0.59
188,0.1516,4,0,0.3332,0.6048
189,0.6613,2,0,0.315,0.5596
190,0.4023,2,0,0.3327,0.6032
191,0.7521,1,1,0.3022,0.4948
192,0.9624,1,1,0.3212,0.5532
193,0.2573,3,0,0.3013,0.5458
194,0.1889,3,0,0.3431,0.5347
195,0.5358,2,0,0.3427,0.5646
196,0.0197,4,0,0.2929,0.5814
197,0.8986,1,1,0.3534,0.5897
198,0.7178,2,0,0.3758,0.5746
199,0.0,4,0,0.326,0.5462
200,0.0554,4,0,0.3114,0.5761
201,0.1537,3,0,0.3799,0.5675
202,0.0767,4,0,0.2962,0.5906
203,0.7013,1,1,0.3222,0.5847
204,0.0943,4,0,0.3246,0.5611
205,0.5612,2,0,0.3471,0.532
206,0.2616,3,0,0.3265,0.5382
207,0.1671,3,0,0.3086,0.5401
208,0.1355,3,0,0.2987,0.5459
209,0.497,2,0,0.3101,0.5622
210,0.7077,2,0,0.296,0.5745
211,0.5079,2,0,0.3163,0.5503
212,0.4974,2,0,0.3033,0.5511
213,0.4947,2,0,0.2839,0.5538
214,0.2273,3,0,0.3381,0.5328
215,0.4083,2,0,0.3022,0.5194
216,0.1785,3,0,0.286,0.4933
217,0.6324,2,0,0.3072,0.5239
218,0.076,4,0,0.3112,0.5578
219,0.1783,3,0,0.2741,0.5214
220,0.0586,4,0,0.3149,0.5342
221,0.4066,3,0,0.2865,0.5541
222,0.0247,4,0,0.3409,0.5546
223,0.5129,2,0,0.3164,0.5055
224,0.6688,2,0,0.2972,0.5666
225,0.7144,2,0,0.2895,0.5694
226,0.7361,1,1,0.3015,0.5005
227,0.0,4,0,0.3151,0.5086
228,0.8904,1,1,0.3016,0.5679
229,0.0,4,0,0.297,0.5266
230,0.072,4,0,0.3018,0.4633
231,0.6917,2,0,0.2878,0.4868
232,0.5906,2,0,0.2923,0.5202
233,0.0234,4,0,0.2567,0.4916
234,0.5979,2,0,0.3171,0.513
235,0.3871,2,0,0.3029,0.5253
236,0.4861,2,0,0.2807,0.5671
237,0.2118,3,0,0.3334,0.5134
238,0.0,4,0,0.2964,0.5532
239,0.0604,4,0,0.2732,0.5627
240,0.9442,1,1,0.3103,0.5618
241,0.7786,1,1,0.3004,0.5262
242,0.9915,1,1,0.2996,0.4577
243,0.0187,4,0,0.2825,0.5293
244,0.6107,2,0,0.2993,0.5459
245,0.8039,1,1,0.2843,0.5109
246,0.5053,2,0,0.3,0.5646
247,0.9686,1,1,0.25,0.537
248,1.0,1,1,0.2788,0.5271
249,0.0454,4,0,0.3212,0.5416
250,0.391,3,0,0.2707,0.5179
251,0.2034,3,0,0.2732,0.4321
252,0.0287,4,0,0.2756,0.4908
253,0.496,2,0,0.2596,0.5407
254,0.3119,3,0,0.239,0.4795
255,0.0095,4,0,0.2779,0.4959
256,0.9883,1,1,0.2845,0.4702
257,0.221,3,0,0.28,0.554
258,0.2755,3,0,0.2775,0.5499
259,0.1773,3,0,0.2806,0.4719
260,0.459,2,0,0.2995,0.5018
261,0.7516,1,1,0.2745,0.4759
262,0.0611,4,0,0.2662,0.5137
263,0.3457,3,0,0.2713,0.5095
264,0.5867,2,0,0.2879,0.5176
265,0.1378,3,0,0.3039,0.5021
266,0.0,4,0,0.2624,0.5792
267,0.6334,2,0,0.2762,0.4593
268,0.4495,2,0,0.2804,0.4378
269,0.5881,2,0,0.2531,0.4763
270,0.049,4,0,0.2727,0.44
271,0.2847,3,0,0.2423,0.4413
272,0.7144,2,0,0.2355,0.455
273,0.9333,1,1,0.2776,0.4563
274,0.1582,3,0,0.2619,0.4544
275,0.0269,4,0,0.273,0.4975
276,0.2838,3,0,0.2679,0.4658
277,0.0483,4,0,0.2481,0.4746
278,0.1804,3,0,0.2661,0.5058
279,0.6015,2,0,0.2417,0.455
280,0.9248,1,1,0.2935,0.4691
281,0.0738,4,0,0.2379,0.487
282,0.0356,4,0,0.2605,0.4168
283,0.2955,3,0,0.2429,0.4025
284,0.4359,2,0,0.2745,0.4834
285,0.7439,2,0,0.2558,0.4868
286,0.0738,3,0,0.2514,0.533
287,0.3866,3,0,0.2783,0.4748
288,0.0,4,0,0.2611,0.4937
289,0.572,2,0,0.2703,0.4623
290,0.203,3,0,0.2397,0.4761
291,0.6276,2,0,0.2306,0.5162
292,0.3282,3,0,0.2602,0.4015
293,0.2384,3,0,0.251,0.4767
294,0.4231,2,0,0.2693,0.5274
295,0.0992,3,0,0.2546,0.4708
296,0.3237,3,0,0.2597,0.5109
297,0.0602,4,0,0.2225,0.4416
298,0.1094,3,0,0.2921,0.4585
299,0.2262,3,0,0.2504,0.4596
300,0.1357,3,0,0.2671,0.3911
301,0.0226,4,0,0.2358,0.4216
302,0.5021,2,0,0.258,0.4228
303,0.1106,4,0,0.2252,0.4794
304,0.0945,4,0,0.2597,0.48
305,0.768,1,1,0.243,0.4626
306,0.0,4,0,0.2501,0.4767
307,0.2901,2,0,0.2628,0.4461
308,0.0665,4,0,0.2236,0.4862
309,0.6349,2,0,0.234,0.4495
310,0.0969,3,0,0.2562,0.45
311,0.0,4,0,0.2885,0.4394
312,0.1501,4,0,0.2432,0.467
313,0.8136,1,1,0.2571,0.4329
314,0.0366,4,0,0.2426,0.4739
315,0.1953,3,0,0.283,0.4097
316,0.0,4,0,0.2086,0.4098
317,0.3332,3,0,0.2449,0.4625
318,0.154,3,0,0.2099,0.4383
319,0.1478,3,0,0.1917,0.4265
320,0.3395,3,0,0.2472,0.4659
321,0.7033,2,0,0.2435,0.4201
322,0.408,2,0,0.2344,0.4314
323,0.0,4,0,0.2374,0.4785
324,0.8554,1,1,0.3009,0.4818
325,0.5613,2,0,0.2332,0.4819
326,0.0,4,0,0.248,0.4254
327,0.0943,4,0,0.2243,0.4699
328,0.0595,4,0,0.2426,0.4036
329,0.5161,2,0,0.2314,0.404
330,0.3697,2,0,0.2274,0.3598
331,0.0543,4,0,0.2714,0.4796
332,0.1872,3,0,0.258,0.4026
333,0.0,4,0,0.2367,0.4239
334,0.222,3,0,0.1873,0.3995
335,0.181,3,0,0.2256,0.4468
336,0.1107,4,0,0.2864,0.4138
337,0.0264,4,0,0.2271,0.3851
338,0.1233,4,0,0.2533,0.4366
339,0.4918,2,0,0.2595,0.3795
340,0.1777,3,0,0.2345,0.3965
341,0.6097,2,0,0.2127,0.3576
342,0.6872,2,0,0.1803,0.3772
343,0.0724,4,0,0.2422,0.4244
344,0.6682,2,0,0.2117,0.3593
345,0.0,4,0,0.231,0.373
346,0.1418,3,0,0.2019,0.4165
347,0.0567,4,0,0.2211,0.3994
348,0.4841,2,0,0.2265,0.4746
349,0.4967,2,0,0.2307,0.469
350,0.0,4,0,0.2025,0.3872
351,0.0205,4,0,0.2482,0.4291
352,0.6167,2,0,0.2118,0.434
353,0.3808,3,0,0.1897,0.3928
354,0.1934,3,0,0.2205,0.365
355,0.1257,4,0,0.2229,0.4087
356,0.2696,3,0,0.2249,0.403
357,0.4773,2,0,0.2484,0.3943
358,1.0,1,1,0.2159,0.4199
359,0.4404,2,0,0.2177,0.3833
360,0.4464,2,0,0.1976,0.3704
361,0.3783,3,0,0.2355,0.4074
362,0.0,4,0,0.2223,0.4149
363,0.0099,4,0,0.2097,0.3672
364,0.7535,1,1,0.1795,0.4296
365,0.5517,2,0,0.246,0.3478
366,0.827,1,1,0.192,0.3828
367,0.8369,1,1,0.2043,0.3916
368,0.585,2,0,0.2228,0.3794
369,0.0638,4,0,0.1912,0.3808
370,0.0509,4,0,0.1847,0.4531
371,0.3894,3,0,0.1716,0.3706
372,0.4515,3,0,0.228,0.4686
373,0.1235,4,0,0.2022,0.4077
374,0.0,4,0,0.2712,0.3965
375,0.5291,2,0,0.1923,0.4073
376,0.4257,2,0,0.1932,0.4681
377,0.2108,3,0,0.1999,0.3616
378,0.0,4,0,0.2156,0.357
379,0.4133,3,0,0.2008,0.3672
380,0.0889,4,0,0.222,0.3901
381,0.6188,2,0,0.1897,0.3366
382,0.2582,3,0,0.1811,0.3882
383,1.0,1,1,0.1723,0.4376
384,0.077,4,0,0.1633,0.3906
385,0.5267,2,0,0.197,0.3765
386,0.3869,3,0,0.2009,0.3659
387,0.5378,2,0,0.1938,0.4107
388,0.3232,3,0,0.2308,0.3582
389,0.4449,2,0,0.23,0.4376
390,0.9206,1,1,0.1983,0.4395
391,0.0373,3,0,0.1687,0.3884
392,0.3417,3,0,0.1927,0.3796
393,0.3389,2,0,0.1916,0.4101
394,0.4322,2,0,0.19,0.4113
395,0.8618,1,1,0.1887,0.3535
396,0.726,1,1,0.1892,0.3612
397,0.4015,2,0,0.194,0.3366
398,0.7336,2,0,0.1886,0.3878
399,0.6551,2,0,0.205,0.3947
400,0.2974,3,0,0.2076,0.3335
401,0.9475,1,1,0.1818,0.3596
402,0.1074,3,0,0.2249,0.3321
403,0.343,3,0,0.1795,0.3448
404,0.025,4,0,0.1663,0.3876
405,0.8207,1,1,0.2058,0.3483
406,0.1632,3,0,0.1814,0.3606
407,0.1225,4,0,0.2037,0.3201
408,0.8112,1,1,0.1488,0.3738
409,0.55,2,0,0.2243,0.3661
410,0.5367,2,0,0.2094,0.3449
411,0.9849,1,1,0.1655,0.3604
412,0.8033,1,1,0.1655,0.3707
413,0.0,4,0,0.2281,0.3402
414,0.292,3,0,0.1795,0.3196
415,0.1234,4,0,0.1771,0.4173
416,0.6323,2,0,0.148,0.3435
417,0.6967,2,0,0.1859,0.3589
418,0.4197,2,0,0.1879,0.3914
419,0.2632,3,0,0.2064,0.4662
420,0.0,4,0,0.1637,0.3223
421,0.1118,3,0,0.1608,0.3725
422,0.0861,3,0,0.1998,0.337
423,0.4041,2,0,0.2105,0.3414
424,0.2704,3,0,0.1585,0.3353
425,0.0575,3,0,0.2112,0.3224
426,0.5686,2,0,0.1899,0.3542
427,1.0,1,1,0.2105,0.3106
428,0.5001,2,0,0.1869,0.3825
429,0.6011,2,0,0.1374,0.3551
430,0.4052,2,0,0.1844,0.3654
431,0.5831,2,0,0.2082,0.3381
432,0.1363,3,0,0.1688,0.3404
433,0.477,2,0,0.1785,0.3593
434,0.3777,2,0,0.1823,0.3151
435,0.0507,3,0,0.1274,0.3386
436,0.3028,3,0,0.2184,0.3229
437,0.0166,4,0,0.1666,0.3213
438,0.2385,3,0,0.1943,0.284
439,0.2187,3,0,0.1821,0.3869
440,0.0729,4,0,0.2085,0.3254
441,0.8029,1,1,0.1911,0.3802
442,0.326,3,0,0.1779,0.3767
443,0.1257,3,0,0.1643,0.3054
444,0.4202,3,0,0.1978,0.3107
445,0.9763,1,1,0.1439,0.4195
446,0.8098,1,1,0.1939,0.3946
447,0.3147,3,0,0.1586,0.3404
448,0.1433,4,0,0.2053,0.3485
449,0.4427,2,0,0.1831,0.3212
450,0.0579,4,0,0.1923,0.3524
451,0.734,2,0,0.1807,0.3173
452,0.0679,4,0,0.1436,0.2772
453,0.8595,1,1,0.1611,0.2978
454,0.1206,3,0,0.1913,0.3375
455,0.4762,2,0,0.1808,0.3023
456,0.1235,3,0,0.2008,0.3335
457,0.4671,2,0,0.1848,0.3027
458,0.0604,4,0,0.157,0.3108
459,0.0,4,0,0.1601,0.3592
460,0.6965,2,0,0.1777,0.3404
461,0.359,3,0,0.129,0.3321
462,0.2809,3,0,0.2083,0.3581
463,0.4109,3,0,0.1833,0.3455
464,0.9647,1,1,0.1987,0.3739
465,0.1467,4,0,0.1421,0.3161
466,0.1051,4,0,0.1983,0.3164
467,0.6338,1,1,0.2176,0.2896
468,0.0393,4,0,0.1462,0.3151
469,0.8479,1,1,0.1877,0.3563
470,0.2822,3,0,0.1719,0.3658
471,0.9307,1,1,0.1406,0.355
472,0.406,3,0,0.181,0.2717
473,0.9715,1,1,0.1875,0.3574
474,0.0313,4,0,0.1584,0.2692
475,0.8907,1,1,0.1934,0.3506
476,0.0383,4,0,0.1364,0.3121
477,0.698,2,0,0.1395,0.3436
478,0.9251,1,1,0.1717,0.2819
479,0.4121,3,0,0.1692,0.3564
480,0.0801,4,0,0.154,0.2767
481,0.3434,3,0,0.1841,0.3
482,0.1474,3,0,0.1782,0.2895
483,0.0205,4,0,0.1844,0.2662
484,0.6264,2,0,0.1644,0.3211
485,1.0,1,1,0.1786,0.3719
486,0.5865,2,0,0.1573,0.3971
487,0.0453,4,0,0.2069,0.3194
488,0.8977,1,1,0.1492,0.3494
489,0.8963,1,1,0.2072,0.3223
490,0.0615,4,0,0.1655,0.3297
491,0.1193,3,0,0.1369,0.3039
492,0.6481,2,0,0.1915,0.3194
493,0.4074,2,0,0.1663,0.3291
494,0.0004,4,0,0.1804,0.295
495,0.5437,2,0,0.1876,0.3095
496,0.0469,4,0,0.1695,0.3095
497,0.0767,4,0,0.1506,0.3354
498,0.8821,1,1,0.1816,0.2781
499,0.9484,1,1,0.1617,0.3079
500,0.2317,3,0,0.1751,0.3663
501,0.0,4,0,0.118,0.3433
502,0.0985,3,0,0.1697,0.3482
503,0.6692,1,1,0.1476,0.3079
504,0.6983,2,0,0.1931,0.3163
505,0.0827,4,0,0.1722,0.3361
506,0.9254,1,1,0.1642,0.3523
507,0.6099,1,1,0.1688,0.2464
508,0.6926,1,1,0.1388,0.2649
509,0.0478,4,0,0.1909,0.3431
510,0.4355,2,0,0.1979,0.295
511,0.4483,2,0,0.1656,0.2826
512,0.812,1,1,0.1893,0.2645
513,0.9747,1,1,0.1457,0.2849
514,0.0428,4,0,0.1409,0.259
515,0.609,2,0,0.1573,0.3632
516,0.0484,4,0,0.1649,0.2993
517,0.8834,1,1,0.148,0.2976
518,0.605,1,1,0.1663,0.3165
519,0.5091,2,0,0.1613,0.3272
520,0.0694,4,0,0.1349,0.3261
521,0.3181,3,0,0.165,0.3294
522,0.9285,1,1,0.1715,0.2777
523,0.9274,1,1,0.1574,0.2872
524,0.9721,1,1,0.1767,0.3186
525,0.4658,3,0,0.129,0.2792
526,0.5327,2,0,0.1624,0.2943
527,0.0277,4,0,0.1293,0.3059
528,0.6647,2,0,0.1301,0.317
529,0.8455,1,1,0.1395,0.2396
530,0.6435,1,1,0.133,0.3138
531,0.8176,1,1,0.1405,0.2848
532,0.8747,1,1,0.1469,0.3125
533,0.0,4,0,0.1676,0.3141
534,0.2853,3,0,0.1442,0.3385
535,0.8385,1,1,0.1186,0.3303
536,0.9563,1,1,0.1728,0.3296
537,0.1518,3,0,0.1329,0.332
538,0.1442,4,0,0.1482,0.2969
539,0.1084,4,0,0.158,0.2886
540,0.9224,1,1,0.1528,0.3133
541,0.2317,3,0,0.1704,0.3086
542,0.6615,2,0,0.1578,0.2768
543,0.0179,4,0,0.1307,0.2977
544,0.4265,2,0,0.1912,0.284
545,0.2192,3,0,0.1512,0.2589
546,0.4559,2,0,0.1441,0.3227
547,0.0418,4,0,0.166,0.2852
548,0.4509,2,0,0.1514,0.3445
549,0.0389,4,0,0.1541,0.2337
550,0.282,3,0,0.1957,0.2653
551,0.7115,1,1,0.1401,0.2825
552,0.1583,4,0,0.1389,0.3151
553,0.1877,3,0,0.1473,0.2925
554,0.9102,1,1,0.1662,0.2893
555,0.1537,3,0,0.1143,0.2457
556,0.2567,3,0,0.1048,0.2443
557,0.0482,4,0,0.1321,0.2882
558,0.3633,2,0,0.1109,0.2371
559,0.4685,2,0,0.1348,0.2615
560,0.3115,3,0,0.1531,0.292
561,0.6942,2,0,0.1249,0.247
562,0.5082,2,0,0.1139,0.3242
563,0.412,3,0,0.1436,0.3122
564,0.3491,3,0,0.1592,0.2279
565,0.4324,2,0,0.1077,0.2466
566,0.1477,4,0,0.1578,0.2055
567,0.2861,3,0,0.1574,0.2501
568,0.9958,1,1,0.1599,0.2961
569,0.3327,2,0,0.1649,0.2602
570,0.0978,3,0,0.1843,0.286
571,0.8373,1,1,0.1329,0.226
572,0.1585,3,0,0.1419,0.2951
573,0.7415,2,0,0.1311,0.254
574,0.62,1,1,0.1392,0.2706
575,0.7708,1,1,0.1696,0.267
576,0.5808,2,0,0.1118,0.2311
577,0.7011,1,1,0.1212,0.2342
578,0.0866,4,0,0.1657,0.2974
579,0.6265,2,0,0.1583,0.2798
580,0.6277,2,0,0.1303,0.2989
581,0.8429,1,1,0.1544,0.2767
582,0.4892,2,0,0.1439,0.2707
583,0.4675,2,0,0.1668,0.2142
584,0.0812,4,0,0.1381,0.2574
585,0.0485,4,0,0.1568,0.2642
586,0.0317,4,0,0.1889,0.3232
587,0.0755,4,0,0.1477,0.2847
588,0.1865,3,0,0.1365,0.3098
589,0.0607,4,0,0.1497,0.2811
590,0.1318,3,0,0.1277,0.2414
591,0.2304,3,0,0.1825,0.2658
592,0.4365,3,0,0.1381,0.2689
593,0.4516,2,0,0.1288,0.2332
594,0.7967,1,1,0.1173,0.2494
595,0.3006,3,0,0.1557,0.2543
596,0.4603,2,0,0.1508,0.3082
597,0.5668,2,0,0.1233,0.1972
598,0.4668,2,0,0.1445,0.2953
599,0.0,4,0,0.1026,0.2306
600,0.6683,2,0,0.1362,0.2171
601,0.3429,2,0,0.1413,0.2932
602,0.3045,3,0,0.1662,0.2793
603,0.5732,2,0,0.1163,0.2945
604,0.0879,4,0,0.1059,0.2805
605,0.6584,2,0,0.1134,0.3178
606,0.036,4,0,0.1043,0.2723
607,0.4769,2,0,0.1575,0.2504
608,0.5674,2,0,0.1615,0.265
609,0.5675,2,0,0.1367,0.2916
610,0.6551,2,0,0.1545,0.2305
611,0.8267,1,1,0.1325,0.2338
612,0.0644,4,0,0.1277,0.2437
613,0.3177,3,0,0.1227,0.1894
614,0.8894,1,1,0.1229,0.2562
615,0.7465,1,1,0.0979,0.1951
616,0.153,3,0,0.1339,0.2528
617,0.2846,3,0,0.1276,0.2768
618,0.7507,1,1,0.1431,0.2361
619,0.6295,2,0,0.1298,0.3003
620,0.0,4,0,0.1244,0.2057
621,0.5079,2,0,0.11,0.2848
622,0.3558,3,0,0.1287,0.2689
623,0.6238,2,0,0.1418,0.1968
624,0.715,2,0,0.1039,0.3292
625,0.016,4,0,0.1283,0.2455
626,0.0,4,0,0.131,0.2207
627,0.1272,3,0,0.1117,0.2044
628,0.5683,2,0,0.1141,0.2396
629,0.5876,2,0,0.1302,0.2419
630,0.0899,4,0,0.1027,0.2484
631,0.7062,1,1,0.1322,0.236
632,0.6145,2,0,0.107,0.2635
633,0.4323,2,0,0.146,0.2325
634,0.0,4,0,0.1712,0.1856
635,0.281,3,0,0.1071,0.2388
636,0.0705,3,0,0.1347,0.1719
637,0.7032,2,0,0.1093,0.2531
638,0.3025,3,0,0.1444,0.2127
639,0.2163,4,0,0.0981,0.2466
640,0.0413,4,0,0.1328,0.2807
641,0.0538,3,0,0.1055,0.2124
642,0.2363,3,0,0.1186,0.2723
643,0.4466,2,0,0.1019,0.2271
644,0.4323,3,0,0.1387,0.2922
645,0.7741,1,1,0.1053,0.2283
646,0.5377,2,0,0.1329,0.2136
647,0.1023,4,0,0.1148,0.2591
648,0.779,1,1,0.1191,0.225
649,0.0744,4,0,0.1242,0.2124
650,0.038,4,0,0.1058,0.2229
651,0.1497,3,0,0.125,0.2355
652,0.0623,4,0,0.1512,0.2768
653,0.0779,3,0,0.1048,0.1781
654,0.0006,4,0,0.1436,0.2364
655,0.2542,3,0,0.1499,0.2541
656,0.572,2,0,0.1034,0.2407
657,0.3857,3,0,0.0904,0.2738
658,0.3235,3,0,0.1254,0.2319
659,0.1421,4,0,0.1082,0.2282
660,0.3625,3,0,0.1563,0.2512
661,1.0,1,1,0.1194,0.236
662,0.5618,2,0,0.1024,0.2209
663,0.018,4,0,0.0953,0.2477
664,0.4661,2,0,0.1399,0.2123
665,0.3808,3,0,0.1064,0.2131
666,0.5515,2,0,0.1185,0.2153
667,0.0,4,0,0.1366,0.2713
668,0.2033,3,0,0.1076,0.1337
669,0.0571,4,0,0.1161,0.2418
670,0.266,3,0,0.1165,0.2306
671,0.7948,1,1,0.1303,0.1788
672,0.0789,4,0,0.1283,0.2381
673,0.0633,4,0,0.1119,0.2427
674,0.2088,3,0,0.1173,0.2458
675,0.8151,1,1,0.1084,0.1482
676,0.2701,3,0,0.0861,0.2684
677,0.1308,3,0,0.1206,0.2049
678,0.8378,1,1,0.1531,0.2472
679,0.7638,1,1,0.0974,0.2485
680,1.0,1,1,0.0994,0.1996
681,0.1795,3,0,0.0973,0.2453
682,0.0,4,0,0.129,0.2136
683,0.4601,2,0,0.1233,0.1627
684,0.885,1,1,0.1109,0.2595
685,0.6184,2,0,0.0956,0.2008
686,0.3261,3,0,0.1156,0.1981
687,0.4709,2,0,0.0822,0.2113
688,0.8974,1,1,0.1162,0.2312
689,0.0,4,0,0.1306,0.2209
690,0.0487,4,0,0.0879,0.2387
691,0.2823,3,0,0.0821,0.1818
692,0.6486,2,0,0.1442,0.1993
693,0.5635,2,0,0.1002,0.2177
694,0.6214,2,0,0.1349,0.2778
695,0.1479,3,0,0.1089,0.2171
696,0.0796,3,0,0.1086,0.2527
697,0.2249,3,0,0.1204,0.221
698,0.3446,3,0,0.0938,0.205
699,0.1933,3,0,0.1139,0.2117
700,0.0308,4,0,0.1035,0.2137
701,0.5412,2,0,0.0845,0.2365
702,0.5248,2,0,0.1175,0.2593
703,0.5709,2,0,0.1053,0.2285
704,0.3922,2,0,0.1072,0.253
705,0.8261,1,1,0.086,0.1881
706,0.4594,2,0,0.1418,0.2043
707,0.9545,1,1,0.1274,0.1946
708,0.4903,2,0,0.1289,0.2255
709,0.0559,4,0,0.1034,0.2049
710,0.8919,1,1,0.0747,0.2372
711,0.0978,4,0,0.1482,0.1871
712,0.2669,3,0,0.1077,0.216
713,0.3586,2,0,0.0938,0.2349
714,0.1252,3,0,0.1169,0.152
715,0.9502,1,1,0.1318,0.2773
716,0.9008,1,1,0.1078,0.2048
717,1.0,1,1,0.1336,0.1522
718,0.2404,3,0,0.1295,0.2174
719,0.2677,3,0,0.0862,0.2133
720,0.8235,1,1,0.0941,0.2095
721,0.6342,2,0,0.1265,0.2414
722,0.3807,2,0,0.0529,0.2338
723,0.8589,1,1,0.104,0.22
724,0.1086,4,0,0.0782,0.2242
725,0.8897,1,1,0.0971,0.2072
726,0.0,4,0,0.1005,0.2633
727,0.7963,1,1,0.0992,0.1653
728,0.2771,3,0,0.0951,0.2136
729,0.0882,3,0,0.0841,0.211
730,0.0793,4,0,0.1517,0.2331
731,0.8423,1,1,0.143,0.1831
732,0.7667,2,0,0.0823,0.1558
733,0.0872,4,0,0.137,0.2125
734,0.5327,2,0,0.0972,0.2159
735,0.8658,1,1,0.1076,0.2518
736,0.0,4,0,0.1036,0.1687
737,0.7246,1,1,0.0915,0.2411
738,0.705,2,0,0.1242,0.2772
739,0.0,4,0,0.1069,0.1945
740,0.6157,2,0,0.0947,0.1668
741,0.662,2,0,0.0779,0.193
742,0.8274,1,1,0.086,0.2054
743,0.7245,2,0,0.0709,0.2215
744,0.487,2,0,0.1038,0.1866
745,0.8109,1,1,0.0794,0.2507
746,0.0973,3,0,0.0979,0.1702
747,0.0413,3,0,0.1305,0.1512
748,0.9349,1,1,0.1269,0.2363
749,0.0058,4,0,0.1021,0.1345
750,0.212,3,0,0.1008,0.1963
751,0.9428,1,1,0.14,0.2957
752,0.3714,3,0,0.1127,0.2015
753,0.0535,3,0,0.0956,0.1679
754,0.1792,3,0,0.0734,0.1995
755,0.8372,1,1,0.1097,0.1994
756,0.0492,4,0,0.1182,0.2054
757,0.635,2,0,0.0889,0.2202
758,1.0,1,1,0.1072,0.1689
759,0.8629,1,1,0.0939,0.2504
760,0.1418,3,0,0.0973,0.2068
761,0.573,2,0,0.0511,0.2209
762,0.5844,2,0,0.0963,0.18
763,1.0,1,1,0.12,0.2371
764,0.5894,2,0,0.0878,0.1905
765,0.6362,2,0,0.1013,0.2063
766,0.8899,1,1,0.085,0.1697
767,0.9899,1,1,0.1072,0.1674
768,0.0626,4,0,0.0955,0.2177
769,0.7444,1,1,0.0809,0.1835
770,0.0972,4,0,0.1262,0.1709
771,0.8496,1,1,0.1179,0.1769
772,0.2536,3,0,0.0871,0.2169
773,0.3341,3,0,0.109,0.1767
774,0.8324,1,1,0.1097,0.1918
775,0.0064,4,0,0.1116,0.1955
776,0.087,4,0,0.0647,0.1372
777,0.5795,2,0,0.1186,0.1503
778,0.4152,2,0,0.0869,0.2043
779,0.0684,4,0,0.091,0.1718
780,0.0,4,0,0.1508,0.2253
781,0.0,4,0,0.1039,0.2223
782,0.0,4,0,0.09,0.2146
783,0.5578,2,0,0.0535,0.2473
784,0.0339,4,0,0.1253,0.19
785,0.7658,1,1,0.0704,0.2117
786,0.0,4,0,0.0771,0.1744
787,0.125,4,0,0.0904,0.2652
788,0.084,4,0,0.1252,0.2509
789,0.7652,1,1,0.1122,0.1914
790,0.6961,2,0,0.0935,0.2024
791,0.1388,3,0,0.1027,0.2313
792,0.0962,4,0,0.0843,0.1858
793,0.1011,3,0,0.099,0.1703
794,0.2794,3,0,0.0975,0.2159
795,0.7931,1,1,0.1153,0.1918
796,0.9314,1,1,0.1151,0.1946
797,0.2921,3,0,0.1055,0.1638
798,0.0713,4,0,0.0883,0.1371
799,1.0,1,1,0.1102,0.1954
800,0.0,4,0,0.0934,0.2152
801,0.0855,4,0,0.0735,0.181
802,0.1194,3,0,0.0869,0.2306
803,0.1868,3,0,0.0965,0.1661
804,0.3113,3,0,0.1129,0.1553
805,0.7998,1,1,0.0909,0.1847
806,0.7295,1,1,0.0703,0.184
807,0.9932,1,1,0.0954,0.2093
808,0.1304,3,0,0.0964,0.1627
809,0.6428,2,0,0.0978,0.2267
810,0.9114,1,1,0.1123,0.2444
811,0.991,1,1,0.1142,0.1839
812,0.1139,4,0,0.0818,0.2223
813,0.9579,1,1,0.0812,0.1529
814,0.6766,1,1,0.0726,0.2166
815,0.0986,4,0,0.1072,0.2155
816,0.4158,2,0,0.1221,0.2097
817,0.0749,4,0,0.0867,0.1831
818,0.1233,4,0,0.088,0.0947
819,0.0955,4,0,0.1221,0.1638
820,0.764,1,1,0.1027,0.164
821,0.2768,3,0,0.1012,0.1532
822,0.5726,2,0,0.0685,0.1859
823,0.198,3,0,0.1058,0.1694
824,0.338,3,0,0.0735,0.157
825,0.8505,1,1,0.0693,0.1497
826,0.2132,3,0,0.0849,0.1598
827,0.596,2,0,0.08,0.2146
828,0.9181,1,1,0.0872,0.1609
829,0.3232,3,0,0.0627,0.165
830,0.0903,4,0,0.1105,0.1665
831,0.0611,4,0,0.1138,0.1902
832,0.646,2,0,0.0522,0.1934
833,0.143,4,0,0.1106,0.0881
834,0.1719,3,0,0.0746,0.2099
835,0.1831,3,0,0.1079,0.2221
836,0.9103,1,1,0.0892,0.1472
837,0.2052,3,0,0.0911,0.1493
838,0.6856,2,0,0.0867,0.1647
839,0.1636,3,0,0.1145,0.1553
840,0.629,2,0,0.0653,0.1845
841,0.0276,4,0,0.1022,0.1191
842,0.2875,3,0,0.1119,0.1437
843,0.8187,1,1,0.1041,0.2232
844,0.5787,2,0,0.1361,0.1489
845,0.4077,2,0,0.079,0.2138
846,0.1426,3,0,0.1086,0.187
847,0.9921,1,1,0.0872,0.1218
848,0.1386,3,0,0.1138,0.1949
849,0.0108,4,0,0.0889,0.1721
850,0.71,2,0,0.0812,0.1617
851,0.9884,1,1,0.1149,0.1825
852,0.0907,4,0,0.0789,0.1891
853,0.8426,1,1,0.0603,0.1959
854,0.133,3,0,0.0781,0.2097
855,0.4741,2,0,0.1007,0.1864
856,0.3823,3,0,0.1161,0.1327
857,0.0,4,0,0.0904,0.1595
858,0.3403,3,0,0.1144,0.2617
859,0.4175,2,0,0.0607,0.195
860,0.9541,1,1,0.0789,0.2441
861,0.2886,3,0,0.0819,0.2146
862,0.6533,2,0,0.0853,0.1798
863,0.0,4,0,0.0891,0.1813
864,0.6647,2,0,0.1012,0.171
865,0.0,4,0,0.0783,0.1197
866,0.1633,3,0,0.0899,0.1721
867,0.678,2,0,0.0861,0.2077
868,0.7357,1,1,0.0684,0.1532
869,0.7257,1,1,0.0845,0.1833
870,0.3847,2,0,0.0838,0.1962
871,0.2483,3,0,0.0833,0.1432
872,0.4605,2,0,0.0871,0.1567
873,0.1715,4,0,0.0879,0.1395
874,0.0391,4,0,0.0776,0.1451
875,0.0,4,0,0.1116,0.1309
876,0.0,4,0,0.0626,0.1423
877,0.2571,3,0,0.0715,0.2117
878,0.4748,2,0,0.1414,0.1414
879,0.2038,3,0,0.0649,0.1725
880,0.6678,2,0,0.0585,0.1534
881,0.5046,2,0,0.1002,0.2036
882,0.3978,2,0,0.0438,0.2073
883,0.3396,3,0,0.0806,0.1937
884,0.7405,1,1,0.1281,0.1768
885,0.2943,3,0,0.0542,0.1604
886,0.0,4,0,0.0453,0.1314
887,0.0248,4,0,0.0549,0.2252
888,0.5719,2,0,0.1027,0.1439
889,0.3716,3,0,0.1071,0.1864
890,0.0866,4,0,0.0743,0.198
891,0.9402,1,1,0.0981,0.1494
892,0.8473,1,1,0.1121,0.197
893,0.4715,2,0,0.12,0.1885
894,0.0957,4,0,0.0792,0.2172
895,0.5227,2,0,0.038,0.1511
896,0.4675,2,0,0.0675,0.1264
897,0.9916,1,1,0.0753,0.1496
898,0.0,4,0,0.0785,0.1708
899,0.0585,3,0,0.0799,0.1661
900,0.0383,4,0,0.1059,0.1523
901,0.3658,3,0,0.1089,0.1066
902,0.1984,3,0,0.0799,0.1778
903,0.2032,3,0,0.1052,0.2227
904,0.2122,4,0,0.0903,0.1772
905,0.8663,1,1,0.0843,0.1814
906,0.852,1,1,0.101,0.18
907,0.5336,2,0,0.0843,0.1746
908,0.6227,2,0,0.1239,0.1904
909,0.0336,4,0,0.0539,0.1741
910,0.6214,2,0,0.0722,0.1527
911,0.5957,2,0,0.0799,0.138
912,0.1071,4,0,0.0911,0.1542
913,0.1641,3,0,0.1076,0.1709
914,0.69,2,0,0.0816,0.1518
915,0.0,4,0,0.0536,0.1705
916,0.4784,2,0,0.0988,0.174
917,0.8577,1,1,0.0969,0.1856
918,0.816,1,1,0.0429,0.1989
919,0.666,2,0,0.0816,0.1626
920,0.8809,1,1,0.0498,0.1208
921,0.5059,2,0,0.0682,0.1495
922,0.651,1,1,0.0633,0.1609
923,0.9449,1,1,0.0975,0.1044
924,0.1048,4,0,0.0835,0.2009
925,0.3554,3,0,0.0554,0.1633
926,0.5908,2,0,0.0986,0.1703
927,0.1776,3,0,0.0522,0.1996
928,0.0,4,0,0.0874,0.1395
929,0.1738,3,0,0.0644,0.1755
930,0.255,3,0,0.0733,0.1547
931,0.9372,1,1,0.0906,0.1523
932,0.7388,1,1,0.0909,0.1345
933,0.17,3,0,0.1071,0.2074
934,0.145,3,0,0.0786,0.146
935,0.656,2,0,0.0863,0.1781
936,0.0166,4,0,0.0713,0.1006
937,0.7722,1,1,0.0836,0.1921
938,0.0,4,0,0.0887,0.1881
939,0.1849,3,0,0.0778,0.1592
940,0.2872,3,0,0.0436,0.1493
941,0.4129,3,0,0.0863,0.1679
942,0.6122,2,0,0.0868,0.2244
943,0.8151,1,1,0.0658,0.1026
944,0.659,2,0,0.0537,0.1788
945,0.0,4,0,0.1088,0.1278
946,0.0,4,0,0.089,0.1544
947,0.6422,1,1,0.0745,0.1474
948,0.7757,1,1,0.0563,0.1418
949,0.0732,3,0,0.0625,0.1541
950,0.2209,3,0,0.1049,0.1202
951,0.1905,3,0,0.0815,0.1849
952,0.5582,2,0,0.0677,0.1
953,0.8139,1,1,0.0888,0.1699
954,0.687,2,0,0.0622,0.1437
955,0.0182,4,0,0.1084,0.1182
956,0.3186,3,0,0.1054,0.1592
957,0.3775,2,0,0.0689,0.1062
958,0.0477,4,0,0.0656,0.154
959,0.9421,1,1,0.0257,0.1099
960,0.3889,3,0,0.0484,0.1662
961,0.4617,2,0,0.0511,0.1245
962,0.4346,2,0,0.0805,0.1385
963,0.6306,2,0,0.0712,0.1607
964,0.2909,3,0,0.0507,0.1285
965,0.6474,2,0,0.0719,0.1498
966,0.1531,3,0,0.0876,0.1059
967,0.1906,3,0,0.088,0.1701
968,0.3106,3,0,0.0393,0.2039
969,0.0,4,0,0.0747,0.2346
970,0.3856,2,0,0.0495,0.1533
971,0.8729,1,1,0.0951,0.1741
972,1.0,1,1,0.0927,0.0968
973,0.2876,3,0,0.059,0.1952
974,0.4199,2,0,0.0615,0.1732
975,0.432,3,0,0.0675,0.1352
976,0.4874,2,0,0.0316,0.1867
977,0.0116,4,0,0.0833,0.1418
978,0.3355,3,0,0.0711,0.1355
979,0.5454,2,0,0.0958,0.1633
980,0.3967,3,0,0.0544,0.117
981,0.7526,1,1,0.0639,0.1793
982,0.595,2,0,0.0461,0.1168
983,0.2457,3,0,0.056,0.1168
984,0.7984,1,1,0.0524,0.1209
985,0.686,2,0,0.0959,0.1708
986,0.579,2,0,0.0619,0.1293
987,0.5092,2,0,0.0783,0.1072
988,0.0188,4,0,0.0681,0.1293
989,0.7487,1,1,0.0503,0.1464
990,0.9848,1,1,0.0722,0.1117
991,0.0,4,0,0.0875,0.1124
992,0.2526,3,0,0.0513,0.2102
993,0.2636,3,0,0.0915,0.1208
994,0.111,4,0,0.0583,0.1368
995,0.3286,3,0,0.0655,0.1353
996,0.8254,1,1,0.0857,0.1335
997,0.2875,3,0,0.0618,0.1646
998,0.8405,1,1,0.0757,0.1743
999,0.077,4,0,0.0686,0.1365
